Δν (CM⁻¹),INTENSITY
1397.912900,0.156355
1395.827150,0.156355
1393.740050,0.157191
1391.654300,0.157191
1389.567200,0.153428
1387.480100,0.149666
1385.394350,0.145903
1383.307250,0.142140
1381.221500,0.138378
1379.134400,0.137751
1377.047300,0.137124
1374.961550,0.136497
1372.874450,0.135870
1370.788700,0.135242
1368.701600,0.134615
1366.614500,0.135452
1364.528750,0.136288
1362.441650,0.137124
1360.355900,0.138796
1358.268800,0.140468
1356.183050,0.142140
1354.095950,0.147993
1352.008850,0.149666
1349.923100,0.151338
1347.836000,0.160535
1345.750250,0.162207
1343.663150,0.162207
1341.576050,0.160535
1339.490300,0.134615
1337.403200,0.134615
1335.317450,0.161371
1333.230350,0.188127
1331.143250,0.188127
1329.057500,0.188127
1326.970400,0.188127
1324.884650,0.188127
1322.797550,0.158863
1320.710450,0.158027
1318.624700,0.142977
1316.537600,0.127926
1314.451850,0.127090
1312.364750,0.127926
1310.277650,0.127926
1308.191900,0.131271
1306.104800,0.134615
1304.019050,0.137960
1301.931950,0.141304
1299.844850,0.144649
1297.759100,0.141304
1295.672000,0.186455
1293.586250,0.218227
1291.499150,0.218227
1289.412050,0.218227
1287.326300,0.218227
1285.239200,0.218227
1283.153450,0.218227
1281.066350,0.229933
1278.979250,0.229933
1276.893500,0.219064
1274.806400,0.219064
1272.720650,0.218227
1270.633550,0.219064
1268.547800,0.219064
1266.460700,0.219064
1264.373600,0.231605
1262.287850,0.232441
1260.200750,0.220736
1258.115000,0.220736
1256.027900,0.219900
1253.940800,0.219900
1251.855050,0.219900
1249.767950,0.219900
1247.682200,0.234950
1245.595100,0.221572
1243.508000,0.221572
1241.422250,0.229097
1239.335150,0.229933
1237.249400,0.230769
1235.162300,0.232441
1233.075200,0.235786
1230.989450,0.226589
1228.902350,0.227425
1226.816600,0.232023
1224.729500,0.236622
1222.642400,0.241221
1220.556650,0.245819
1218.469550,0.250418
1216.383800,0.255017
1214.296700,0.255853
1212.209600,0.256689
1210.123850,0.274247
1208.036750,0.277592
1205.951000,0.279264
1203.863900,0.282609
1201.776800,0.285953
1199.691050,0.289298
1197.603950,0.294314
1195.518200,0.297659
1193.431100,0.304348
1191.344000,0.314381
1189.258250,0.336120
1187.171150,0.366221
1185.085400,0.377926
1182.998300,0.409699
1180.912550,0.453177
1178.825450,0.476589
1176.738350,0.478261
1174.652600,0.520067
1172.565500,0.543478
1170.479750,0.568562
1168.392650,0.598662
1166.305550,0.633779
1164.219800,0.635452
1162.132700,0.635452
1160.046950,0.637124
1157.959850,0.635452
1155.872750,0.630435
1153.787000,0.612040
1151.699900,0.586957
1149.614150,0.558528
1147.527050,0.515050
1145.439950,0.486622
1143.354200,0.444816
1141.267100,0.416388
1139.181350,0.397993
1137.094250,0.347826
1135.007150,0.332776
1132.921400,0.307692
1130.834300,0.282609
1128.748550,0.277592
1126.661450,0.267559
1124.574350,0.255853
1122.488600,0.254181
1120.401500,0.224080
1118.315750,0.224080
1116.228650,0.224080
1114.141550,0.245819
1112.055800,0.244983
1109.968700,0.243311
1107.882950,0.241639
1105.795850,0.241639
1103.710100,0.239967
1101.623000,0.239967
1099.535900,0.239967
1097.450150,0.239967
1095.363050,0.239967
1093.277300,0.239967
1091.190200,0.239967
1089.103100,0.223244
1087.017350,0.223244
1084.930250,0.223244
1082.844500,0.223244
1080.757400,0.223244
1078.670300,0.223244
1076.584550,0.223244
1074.497450,0.239967
1072.411700,0.239967
1070.324600,0.239967
1068.237500,0.223244
1066.151750,0.223244
1064.064650,0.223244
1061.978900,0.223244
1059.891800,0.223244
1057.804700,0.223244
1055.718950,0.239967
1053.631850,0.239967
1051.546100,0.239967
1049.459000,0.220736
1047.371900,0.220736
1045.286150,0.220736
1043.199050,0.220736
1041.113300,0.220736
1039.026200,0.220736
1036.939100,0.220736
1034.853350,0.238294
1032.766250,0.238294
1030.680500,0.220736
1028.593400,0.220736
1026.506300,0.220736
1024.420550,0.221572
1022.333450,0.221572
1020.247700,0.221572
1018.160600,0.221572
1016.074850,0.221572
1013.987750,0.239130
1011.900650,0.220736
1009.814900,0.220736
1007.727800,0.221572
1005.642050,0.221572
1003.554950,0.221572
1001.467850,0.221572
999.382100,0.221572
997.295000,0.239967
995.209250,0.222408
993.122150,0.222408
991.035050,0.221572
988.949300,0.221572
986.862200,0.221572
984.776450,0.221572
982.689350,0.221572
980.602250,0.221572
978.516500,0.239967
976.429400,0.239967
974.343650,0.223244
972.256550,0.223244
970.169450,0.223244
968.083700,0.223244
965.996600,0.223244
963.910850,0.223244
961.823750,0.223244
959.736650,0.223244
957.650900,0.239967
955.563800,0.239967
953.478050,0.239967
951.390950,0.224080
949.303850,0.224080
947.218100,0.224916
945.131000,0.224916
943.045250,0.224916
940.958150,0.224916
938.871050,0.224916
936.785300,0.240803
934.698200,0.241639
932.612450,0.225753
930.525350,0.225753
928.439600,0.224916
926.352500,0.224916
924.265400,0.225753
922.179650,0.224916
920.092550,0.224916
918.006800,0.224916
915.919700,0.241639
913.832600,0.225753
911.746850,0.225753
909.659750,0.224916
907.574000,0.224916
905.486900,0.224916
903.399800,0.224916
901.314050,0.225753
899.226950,0.225753
897.141200,0.243311
895.054100,0.226589
892.967000,0.226589
890.881250,0.226589
888.794150,0.226589
886.708400,0.226589
884.621300,0.226589
882.534200,0.226589
880.448450,0.226589
878.361350,0.244983
876.275600,0.226589
874.188500,0.226589
872.101400,0.226589
870.015650,0.226589
867.928550,0.226589
865.842800,0.226589
863.755700,0.226589
861.668600,0.226589
859.582850,0.245819
857.495750,0.229097
855.410000,0.229097
853.322900,0.228261
851.237150,0.228261
849.150050,0.228261
847.062950,0.228261
844.977200,0.229097
842.890100,0.229097
840.804350,0.229933
838.717250,0.230769
836.630150,0.229933
834.544400,0.230769
832.457300,0.230769
830.371550,0.231605
828.284450,0.231605
826.197350,0.231605
824.111600,0.248328
822.024500,0.232441
819.938750,0.232441
817.851650,0.233278
815.764550,0.233278
813.678800,0.233278
811.591700,0.233278
809.505950,0.233278
807.418850,0.250000
805.331750,0.250000
803.246000,0.250000
801.158900,0.234114
799.073150,0.233278
796.986050,0.232441
794.898950,0.232441
792.813200,0.233278
790.726100,0.233278
788.640350,0.233278
786.553250,0.251672
784.466150,0.238294
782.380400,0.245819
780.293300,0.246656
778.207550,0.247492
776.120450,0.262542
774.033350,0.265886
771.947600,0.270903
769.860500,0.274247
767.774750,0.247492
765.687650,0.249164
763.601900,0.263796
761.514800,0.278428
759.427700,0.280936
757.341950,0.283445
755.254850,0.285953
753.169100,0.288462
751.082000,0.289298
748.994900,0.289298
746.909150,0.288462
744.822050,0.255853
742.736300,0.250836
740.649200,0.247492
738.562100,0.280936
736.476350,0.279264
734.389250,0.275920
732.303500,0.240803
730.216400,0.240803
728.129300,0.240803
726.043550,0.251672
723.956450,0.262542
721.870700,0.256480
719.783600,0.250418
717.696500,0.244356
715.610750,0.238294
713.523650,0.238294
711.437900,0.238294
709.350800,0.238294
707.263700,0.238294
705.177950,0.258361
703.090850,0.258361
701.005100,0.258361
698.918000,0.238294
696.830900,0.238294
694.745150,0.238294
692.658050,0.238294
690.572300,0.238294
688.485200,0.238294
686.398100,0.258361
684.312350,0.258361
682.225250,0.258361
680.139500,0.249164
678.052400,0.235786
675.966650,0.235786
673.879550,0.235786
671.792450,0.235786
669.706700,0.235786
667.619600,0.248328
665.533850,0.247492
646.754000,0.250836
644.668250,0.251672
642.581150,0.235368
640.494050,0.219064
638.408300,0.219064
636.321200,0.219900
634.235450,0.219900
632.148350,0.219900
630.061250,0.220736
627.975500,0.219900
625.888400,0.219900
623.802650,0.220736
621.715550,0.221572
619.628450,0.221572
617.542700,0.221572
615.455600,0.221572
613.369850,0.222408
611.282750,0.222408
609.195650,0.258361
607.109900,0.259197
605.022800,0.259197
602.937050,0.260033
600.849950,0.261706
598.762850,0.261706
596.677100,0.263378
594.590000,0.263378
592.504250,0.264214
590.417150,0.265050
588.331400,0.265886
586.244300,0.267559
584.157200,0.268395
582.071450,0.269231
579.984350,0.270903
577.898600,0.272575
575.811500,0.273411
573.724400,0.275084
571.638650,0.276756
569.551550,0.278428
567.465800,0.280100
565.378700,0.282609
563.291600,0.285117
561.205850,0.288462
559.118750,0.290970
557.033000,0.295151
554.945900,0.300167
552.858800,0.306020
550.773050,0.314486
548.685950,0.322952
546.600200,0.331417
544.513100,0.339883
542.426000,0.348349
540.340250,0.356814
538.253150,0.365280
536.167400,0.373746
534.080300,0.382107
531.993200,0.402501
529.907450,0.416388
527.820350,0.421405
525.734600,0.434783
523.647500,0.446488
521.560400,0.458194
519.474650,0.476589
517.387550,0.481605
515.301800,0.528428
513.214700,0.543478
511.128950,0.590301
509.041850,0.626836
506.954750,0.647230
504.869000,0.667624
502.781900,0.688018
500.696150,0.708412
498.609050,0.728806
496.521950,0.755853
494.436200,0.769594
492.349100,0.821070
490.263350,0.852843
488.176250,0.872910
486.089150,0.851171
484.003400,0.852007
481.916300,0.852843
479.830550,0.852843
477.743450,0.812709
475.656350,0.795151
473.570600,0.777592
471.483500,0.760033
469.397750,0.742475
467.310650,0.724916
465.223550,0.707358
463.137800,0.689799
461.050700,0.672241
458.964950,0.645485
456.877850,0.617057
454.790750,0.595318
452.705000,0.571906
450.617900,0.523411
448.532150,0.505017
446.445050,0.488294
444.357950,0.454849
442.272200,0.439799
440.185100,0.438127
438.099350,0.423077
436.012250,0.421405
433.925150,0.400502
431.839400,0.379599
429.752300,0.377926
427.666550,0.365385
425.579450,0.362040
423.493700,0.356187
421.406600,0.352843
419.319500,0.347826
417.233750,0.342809
415.146650,0.341973
413.060900,0.340301
410.973800,0.339465
408.886700,0.332776
406.800950,0.332776
404.713850,0.332776
402.628100,0.331104
400.541000,0.331104
398.453900,0.331104
396.368150,0.330268
394.281050,0.329431
392.195300,0.329431
390.108200,0.328595
388.021100,0.329431
385.935350,0.329431
383.848250,0.329431
381.762500,0.329431
379.675400,0.329431
377.588300,0.329431
375.502550,0.331104
373.415450,0.332776
371.329700,0.332776
369.242600,0.332776
367.155500,0.334448
365.069750,0.334448
362.982650,0.335284
360.896900,0.335284
358.809800,0.335284
356.722700,0.336957
354.636950,0.338629
352.549850,0.340301
350.464100,0.340301
348.377000,0.341137
346.289900,0.341973
344.204150,0.342809
342.117050,0.343645
340.031300,0.342809
337.944200,0.342809
335.858450,0.347826
333.771350,0.347826
331.684250,0.348662
329.598500,0.349498
327.511400,0.350334
325.425650,0.351171
323.338550,0.352007
321.251450,0.352007
319.165700,0.352007
317.078600,0.354515
314.992850,0.357023
312.905750,0.357023
310.818650,0.357860
308.732900,0.358696
306.645800,0.359532
304.560050,0.360368
302.472950,0.359532
300.385850,0.359532
298.300100,0.367057
296.213000,0.367057
294.127250,0.367893
292.040150,0.367057
289.953050,0.367893
287.867300,0.368729
285.780200,0.368729
283.694450,0.372910
281.607350,0.377090
279.520250,0.377090
277.434500,0.377926
275.347400,0.379599
273.261650,0.381271
271.174550,0.382107
269.087450,0.382107
267.001700,0.390468
264.914600,0.390468
262.828850,0.392140
260.741750,0.392977
258.656000,0.396321
256.568900,0.402174
254.481800,0.402174
252.396050,0.403846
250.308950,0.408027
248.223200,0.410535
246.136100,0.413880
244.049000,0.415552
241.963250,0.419732
239.876150,0.423913
237.790400,0.428094
235.703300,0.433110
233.616200,0.435619
231.530450,0.439799
229.443350,0.444816
227.357600,0.450669
225.270500,0.454013
223.183400,0.461538
221.097650,0.465719
219.010550,0.472408
216.924800,0.474080
214.837700,0.479933
212.750600,0.484950
210.664850,0.498518
208.577750,0.512086
206.492000,0.525654
204.404900,0.539222
202.317800,0.546823
200.232050,0.566358
198.144950,0.579926
196.059200,0.593493
193.972100,0.607061
191.885000,0.620629
189.799250,0.634197
187.712150,0.647765
185.626400,0.661333
183.539300,0.674901
181.452200,0.688469
179.366450,0.702037
177.279350,0.715605
175.193600,0.729173
173.106500,0.742741
171.020750,0.756309
168.933650,0.769877
166.846550,0.783445
164.760800,0.774247
162.673700,0.929766
160.587950,0.877926
158.500850,0.463211
156.413750,0.383152
154.328000,0.303094
152.240900,0.222408
150.155150,0.195931
148.068050,0.169454
145.980950,0.142977
143.895200,0.142140
141.808100,0.127090
139.722350,0.153010
137.635250,0.155518
135.548150,0.157191
133.462400,0.157191
131.375300,0.158027
129.289550,0.157191
127.202450,0.156355
125.115350,0.155518
123.029600,0.153010
120.942500,0.127090
118.856750,0.128763
116.769650,0.142977
114.682550,0.142977
