x,y
15.20,97.38
15.20,96.60
15.20,95.06
15.20,94.29
15.20,93.52
15.20,92.75
15.20,91.98
15.20,91.20
15.20,90.43
15.20,89.66
15.20,88.89
15.20,88.12
15.20,87.35
15.20,83.49
15.20,80.40
15.20,68.83
15.20,67.28
15.20,66.51
15.20,65.74
15.20,59.57
15.20,58.80
15.20,58.02
15.20,57.25
15.20,14.04
15.20,13.27
15.20,12.50
15.44,99.69
15.44,98.92
15.44,98.15
15.44,95.83
15.44,86.57
15.44,85.80
15.44,85.03
15.44,84.26
15.44,82.72
15.44,81.94
15.44,81.17
15.44,79.63
15.44,78.86
15.44,78.09
15.44,77.31
15.44,76.54
15.44,75.77
15.44,75.00
15.44,74.23
15.44,73.46
15.44,72.69
15.44,71.91
15.44,71.14
15.44,70.37
15.44,69.60
15.44,68.06
15.44,64.97
15.44,64.20
15.44,63.43
15.44,62.65
15.44,61.88
15.44,61.11
15.44,60.34
15.44,56.48
15.44,55.71
15.44,54.94
15.44,54.17
15.44,53.40
15.44,52.62
15.44,51.85
15.44,51.08
15.44,50.31
15.44,49.54
15.44,48.77
15.44,47.99
15.44,47.22
15.44,37.96
15.44,37.19
15.44,36.42
15.44,33.33
15.44,32.56
15.44,31.79
15.44,31.02
15.44,30.25
15.44,29.48
15.44,28.70
15.44,27.93
15.44,27.16
15.44,26.39
15.44,25.62
15.44,24.85
15.44,22.53
15.44,20.99
15.44,20.22
15.44,19.44
15.44,18.67
15.44,17.90
15.44,17.13
15.44,16.36
15.44,15.59
15.44,14.81
15.69,46.45
15.69,45.68
15.69,44.91
15.69,44.14
15.69,43.36
15.69,42.59
15.69,41.82
15.69,41.05
15.69,40.28
15.69,39.51
15.69,38.73
15.69,35.65
15.69,34.88
15.69,34.10
15.69,24.07
15.69,23.30
15.69,21.76
15.93,12.19
16.67,99.69
17.16,12.35
17.89,99.69
18.38,12.35
19.12,99.69
19.61,12.35
20.34,99.69
20.83,12.35
21.57,99.69
22.06,12.35
22.79,99.69
23.28,12.35
24.02,99.69
24.51,12.35
25.25,99.69
25.74,12.35
26.47,99.69
26.96,12.19
27.70,99.69
28.19,12.35
28.92,99.69
29.41,12.19
30.15,99.69
30.64,12.19
31.37,99.69
31.86,12.19
32.60,99.69
33.09,12.19
33.82,99.69
34.31,12.35
35.05,99.69
35.54,12.35
36.27,99.69
36.76,12.35
37.50,99.69
37.99,12.35
38.73,99.69
39.22,12.35
39.95,99.69
40.44,12.35
41.18,99.69
41.67,12.35
42.40,99.69
42.89,12.35
43.63,99.69
44.12,12.35
44.85,99.69
45.34,12.35
46.08,99.69
46.57,12.35
47.30,99.69
47.79,12.35
48.53,99.85
49.02,12.35
49.51,12.65
49.75,99.85
50.00,12.19
50.98,99.69
51.23,12.35
52.21,99.69
52.45,12.35
53.43,99.85
53.68,12.35
54.66,99.69
54.90,12.35
55.88,99.69
56.13,12.35
57.11,99.69
57.35,12.35
58.33,99.69
58.58,12.35
59.56,99.69
59.80,12.35
60.78,99.69
61.03,12.35
62.01,99.69
62.25,12.35
63.24,99.69
63.48,12.19
64.46,99.69
64.71,12.19
65.69,99.85
65.93,12.35
66.91,99.85
67.16,12.35
68.14,99.85
68.38,12.35
69.36,99.85
69.61,12.35
70.59,99.85
70.83,12.35
71.81,99.85
72.06,12.35
73.04,99.85
73.28,12.35
74.26,99.85
74.51,12.35
75.49,99.85
75.74,12.35
76.72,99.85
76.96,12.35
77.94,99.85
78.19,12.35
79.17,99.85
79.41,12.35
80.39,99.85
80.64,12.35
81.62,99.69
81.86,12.35
82.84,99.85
83.09,12.35
84.07,99.85
84.31,12.35
85.29,99.85
85.54,12.35
86.52,99.85
86.76,12.35
87.75,99.85
87.99,12.35
88.97,99.85
89.22,12.35
90.20,99.85
90.44,12.35
91.42,99.85
91.67,12.35
92.65,99.85
92.89,12.35
93.87,99.85
94.12,12.35
95.10,99.85
95.34,12.35
96.32,99.85
96.57,12.35
97.55,99.85
97.79,12.35
98.77,99.85
99.02,12.35
100.00,100.00
100.00,100.00
100.00,100.00
100.00,100.00
100.00,100.00
100.00,100.00
100.00,100.00
100.00,100.00
100.00,100.00
100.00,100.00
100.00,100.00
100.00,100.00
100.00,100.00
100.00,100.00
100.00,100.00
100.00,100.00
100.00,100.00
100.00,100.00
100.00,100.00
100.00,100.00
100.00,100.00
100.00,100.00
100.00,100.00
100.00,100.00
100.00,100.00
100.00,100.00
100.00,100.00
100.00,100.00
100.00,100.00
100.00,100.00
100.00,100.00
100.00,100.00
100.00,100.00
100.00,100.00
100.00,100.00
100.00,100.00
100.00,100.00
100.00,100.00
100.00,100.00
100.00,100.00
100.00,100.00
100.00,100.00
100.00,100.00
100.00,99.85
100.00,100.00
100.00,100.00
100.00,100.00
100.00,100.00
100.00,100.00
100.00,100.00
100.00,100.00
100.00,100.00
100.00,100.00
100.00,100.00
100.00,100.00
100.00,100.00
100.00,99.85
100.00,99.85
100.00,99.85
100.00,99.85
100.00,99.85
100.00,99.85
100.00,99.85
100.00,100.00
100.00,99.85
100.00,100.00
100.00,99.85
100.00,100.00
100.00,100.00
100.00,100.00
100.00,99.85
100.00,99.85
100.00,99.85
100.00,99.85
100.00,99.85
100.00,99.85
100.00,99.85
100.00,99.85
100.00,99.85
100.00,99.85
100.00,99.85
100.00,99.85
100.00,99.85
100.00,12.35
100.00,12.50
100.00,12.50
100.00,12.35
100.00,12.35
100.00,12.35
100.00,12.35
100.00,12.35
100.00,12.35
100.00,12.35
100.00,12.35
100.00,12.35
100.00,12.35
100.00,12.35
100.00,12.35
100.00,12.50
100.00,12.50
100.00,12.50
100.00,12.50
100.00,12.50
100.00,12.35
100.00,12.35
100.00,12.35
100.00,12.35
100.00,12.35
100.00,12.35
100.00,12.35
100.00,12.35
100.00,12.35
100.00,12.50
100.00,12.50
100.00,12.50
100.00,12.50
100.00,12.35
100.00,12.50
100.00,12.35
100.00,12.35
100.00,12.35
100.00,12.35
100.00,12.35
100.00,12.35
100.00,12.35
100.00,12.35
100.00,12.50
100.00,12.50
100.00,12.50
100.00,12.50
100.00,12.50
100.00,12.50
100.00,12.50
100.00,12.50
100.00,12.50
100.00,12.35
100.00,12.35
100.00,12.35
100.00,12.35
100.00,12.50
100.00,12.50
100.00,12.50
100.00,12.50
100.00,12.50
100.00,12.50
100.00,12.50
100.00,12.50
100.00,12.50
100.00,12.50
100.00,12.50
100.00,12.50
100.00,12.50
100.00,12.50
100.00,12.65
100.00,12.65
100.00,12.65
100.00,12.65
100.00,12.65
100.00,12.50
100.00,12.65
100.00,12.50
100.00,12.50
100.00,12.50
100.00,12.50
100.00,12.50
100.00,12.50
100.00,12.50
100.00,12.81
100.00,13.58
100.00,14.35
100.00,15.12
100.00,15.90
100.00,16.67
100.00,17.44
100.00,18.21
100.00,18.98
100.00,19.75
100.00,20.52
100.00,21.30
100.00,22.07
100.00,22.84
100.00,23.61
100.00,24.38
100.00,25.15
100.00,25.93
100.00,26.70
100.00,27.47
100.00,28.24
100.00,29.01
100.00,29.78
100.00,30.56
100.00,31.33
100.00,32.10
100.00,32.87
100.00,33.64
100.00,34.41
100.00,35.19
100.00,35.96
100.00,36.73
100.00,37.50
100.00,38.27
100.00,39.04
100.00,39.81
100.00,40.59
100.00,41.36
100.00,42.13
100.00,42.90
100.00,43.67
100.00,44.44
100.00,45.22
100.00,45.99
100.00,46.76
100.00,47.53
100.00,48.30
100.00,49.07
100.00,49.85
100.00,50.62
100.00,51.39
100.00,52.16
100.00,52.93
100.00,53.70
100.00,54.48
100.00,55.25
100.00,56.02
100.00,56.79
100.00,57.56
100.00,58.33
100.00,59.10
100.00,59.88
100.00,60.65
100.00,61.42
100.00,62.19
100.00,62.96
100.00,63.73
100.00,64.51
100.00,65.28
100.00,66.05
100.00,66.82
100.00,67.59
100.00,68.36
100.00,69.14
100.00,69.91
100.00,70.68
100.00,71.45
100.00,72.22
100.00,72.99
100.00,73.77
100.00,74.54
100.00,75.31
100.00,76.08
100.00,76.85
100.00,77.62
100.00,78.40
100.00,79.17
100.00,79.94
100.00,80.71
100.00,81.48
100.00,82.25
100.00,83.02
100.00,83.80
100.00,84.57
100.00,85.34
100.00,86.11
100.00,86.88
100.00,87.65
100.00,88.43
100.00,89.20
100.00,89.97
100.00,90.74
100.00,91.51
100.00,92.28
100.00,93.06
100.00,93.83
100.00,94.60
100.00,95.37
100.00,96.14
100.00,96.91
100.00,97.69
100.00,98.46
100.00,99.23
100.00,100.00
100.00,100.00
